{"v":"5.4.1","fr":29.9700012207031,"ip":0,"op":318.000012952406,"w":300,"h":300,"nm":"Comp 1","ddd":0,"assets":[],"layers":[{"ddd":0,"ind":1,"ty":4,"nm":"Layer 32 Outlines","sr":1,"ks":{"o":{"a":0,"k":100,"ix":11},"r":{"a":0,"k":0,"ix":10},"p":{"a":1,"k":[{"i":{"x":0.694,"y":0.565},"o":{"x":0.19,"y":0},"n":"0p694_0p565_0p19_0","t":21.229,"s":[146.493,151.529,0],"e":[149.999,145.536,0],"to":[0,0,0],"ti":[0,0,0]},{"i":{"x":0.798,"y":0.854},"o":{"x":0.19,"y":0},"n":"0p798_0p854_0p19_0","t":46.405,"s":[149.999,145.536,0],"e":[157.493,144.029,0],"to":[0,0,0],"ti":[0,0,0]},{"i":{"x":0.689,"y":0.661},"o":{"x":0.19,"y":0},"n":"0p689_0p661_0p19_0","t":64.385,"s":[157.493,144.029,0],"e":[155.841,151.86,0],"to":[0,0,0],"ti":[0,0,0]},{"i":{"x":0.833,"y":1},"o":{"x":0.19,"y":0},"n":"0p833_1_0p19_0","t":89.561,"s":[155.841,151.86,0],"e":[146.493,151.529,0],"to":[0,0,0],"ti":[0,0,0]},{"i":{"x":0.694,"y":0.565},"o":{"x":0.19,"y":0},"n":"0p694_0p565_0p19_0","t":111.139,"s":[146.493,151.529,0],"e":[149.999,145.536,0],"to":[0,0,0],"ti":[0,0,0]},{"i":{"x":0.798,"y":0.854},"o":{"x":0.19,"y":0},"n":"0p798_0p854_0p19_0","t":136.315,"s":[149.999,145.536,0],"e":[157.493,144.029,0],"to":[0,0,0],"ti":[0,0,0]},{"i":{"x":0.689,"y":0.661},"o":{"x":0.19,"y":0},"n":"0p689_0p661_0p19_0","t":154.295,"s":[157.493,144.029,0],"e":[155.841,151.86,0],"to":[0,0,0],"ti":[0,0,0]},{"i":{"x":0.833,"y":1},"o":{"x":0.19,"y":0},"n":"0p833_1_0p19_0","t":179.471,"s":[155.841,151.86,0],"e":[146.493,151.529,0],"to":[0,0,0],"ti":[0,0,0]},{"i":{"x":0.694,"y":0.565},"o":{"x":0.19,"y":0},"n":"0p694_0p565_0p19_0","t":201.049,"s":[146.493,151.529,0],"e":[149.999,145.536,0],"to":[0,0,0],"ti":[0,0,0]},{"i":{"x":0.798,"y":0.854},"o":{"x":0.19,"y":0},"n":"0p798_0p854_0p19_0","t":226.225,"s":[149.999,145.536,0],"e":[157.493,144.029,0],"to":[0,0,0],"ti":[0,0,0]},{"i":{"x":0.689,"y":0.661},"o":{"x":0.19,"y":0},"n":"0p689_0p661_0p19_0","t":244.205,"s":[157.493,144.029,0],"e":[155.841,151.86,0],"to":[0,0,0],"ti":[0,0,0]},{"i":{"x":0.833,"y":1},"o":{"x":0.19,"y":0},"n":"0p833_1_0p19_0","t":269.381,"s":[155.841,151.86,0],"e":[146.493,151.529,0],"to":[0,0,0],"ti":[0,0,0]},{"t":290.958761850993}],"ix":2},"a":{"a":0,"k":[62.389,64.235,0],"ix":1},"s":{"a":0,"k":[100,100,100],"ix":6}},"ao":0,"shapes":[{"ty":"gr","it":[{"ind":0,"ty":"sh","ix":1,"ks":{"a":0,"k":{"i":[[0,0],[0,0]],"o":[[0,0],[0,0]],"v":[[-1.424,1.418],[1.424,-1.418]],"c":false},"ix":2},"nm":"Path 1","mn":"ADBE Vector Shape - Group","hd":false},{"ty":"tm","s":{"a":1,"k":[{"i":{"x":[0.25],"y":[1]},"o":{"x":[0.43],"y":[0]},"n":["0p25_1_0p43_0"],"t":0,"s":[100],"e":[0]},{"t":27.4725011189779}],"ix":1},"e":{"a":1,"k":[{"i":{"x":[0.25],"y":[1]},"o":{"x":[0.43],"y":[0]},"n":["0p25_1_0p43_0"],"t":0,"s":[100],"e":[100]},{"t":27.4725011189779}],"ix":2},"o":{"a":0,"k":0,"ix":3},"m":1,"ix":2,"nm":"Trim Paths 1","mn":"ADBE Vector Filter - Trim","hd":false},{"ty":"st","c":{"a":0,"k":[0.999999820485,0.999999760646,0.999999820485,1],"ix":3},"o":{"a":0,"k":100,"ix":4},"w":{"a":0,"k":3,"ix":5},"lc":2,"lj":1,"ml":10,"ml2":{"a":0,"k":10,"ix":8},"nm":"Stroke 1","mn":"ADBE Vector Graphic - Stroke","hd":false},{"ty":"tr","p":{"a":0,"k":[47.995,79.671],"ix":2},"a":{"a":0,"k":[0,0],"ix":1},"s":{"a":0,"k":[100,100],"ix":3},"r":{"a":0,"k":0,"ix":6},"o":{"a":0,"k":100,"ix":7},"sk":{"a":0,"k":0,"ix":4},"sa":{"a":0,"k":0,"ix":5},"nm":"Transform"}],"nm":"Group 1","np":3,"cix":2,"ix":1,"mn":"ADBE Vector Group","hd":false},{"ty":"gr","it":[{"ind":0,"ty":"sh","ix":1,"ks":{"a":0,"k":{"i":[[0,0],[2.653,-2.79],[0,0],[2.79,2.653],[0,0],[-2.654,2.79],[0,0],[-2.79,-2.653]],"o":[[2.79,2.653],[0,0],[-2.653,2.79],[0,0],[-2.79,-2.653],[0,0],[2.653,-2.79],[0,0]],"v":[[17.87,-18.369],[18.117,-8.473],[-7.551,18.52],[-17.447,18.769],[-17.868,18.369],[-18.117,8.473],[7.553,-18.52],[17.449,-18.769]],"c":true},"ix":2},"nm":"Path 1","mn":"ADBE Vector Shape - Group","hd":false},{"ty":"tm","s":{"a":1,"k":[{"i":{"x":[0.25],"y":[1]},"o":{"x":[0.43],"y":[0]},"n":["0p25_1_0p43_0"],"t":0,"s":[100],"e":[0]},{"t":27.4725011189779}],"ix":1},"e":{"a":1,"k":[{"i":{"x":[0.25],"y":[1]},"o":{"x":[0.43],"y":[0]},"n":["0p25_1_0p43_0"],"t":0,"s":[100],"e":[100]},{"t":27.4725011189779}],"ix":2},"o":{"a":0,"k":0,"ix":3},"m":1,"ix":2,"nm":"Trim Paths 1","mn":"ADBE Vector Filter - Trim","hd":false},{"ty":"st","c":{"a":0,"k":[0.999999820485,0.999999760646,0.999999820485,1],"ix":3},"o":{"a":0,"k":100,"ix":4},"w":{"a":0,"k":3,"ix":5},"lc":2,"lj":1,"ml":10,"ml2":{"a":0,"k":10,"ix":8},"nm":"Stroke 1","mn":"ADBE Vector Graphic - Stroke","hd":false},{"ty":"tr","p":{"a":0,"k":[28.27,99.549],"ix":2},"a":{"a":0,"k":[0,0],"ix":1},"s":{"a":0,"k":[100,100],"ix":3},"r":{"a":0,"k":0,"ix":6},"o":{"a":0,"k":100,"ix":7},"sk":{"a":0,"k":0,"ix":4},"sa":{"a":0,"k":0,"ix":5},"nm":"Transform"}],"nm":"Group 2","np":3,"cix":2,"ix":2,"mn":"ADBE Vector Group","hd":false},{"ty":"gr","it":[{"ind":0,"ty":"sh","ix":1,"ks":{"a":0,"k":{"i":[[0,-12.961],[12.963,0],[0,12.962],[-12.962,0]],"o":[[0,12.962],[-12.962,0],[0,-12.961],[12.963,0]],"v":[[23.47,-0.001],[-0.001,23.47],[-23.47,-0.001],[-0.001,-23.47]],"c":true},"ix":2},"nm":"Path 1","mn":"ADBE Vector Shape - Group","hd":false},{"ty":"tm","s":{"a":1,"k":[{"i":{"x":[0.25],"y":[1]},"o":{"x":[0.43],"y":[0]},"n":["0p25_1_0p43_0"],"t":0,"s":[100],"e":[47]},{"t":27.4725011189779}],"ix":1},"e":{"a":1,"k":[{"i":{"x":[0.25],"y":[1]},"o":{"x":[0.43],"y":[0]},"n":["0p25_1_0p43_0"],"t":0,"s":[100],"e":[72]},{"t":27.4725011189779}],"ix":2},"o":{"a":0,"k":0,"ix":3},"m":1,"ix":2,"nm":"Trim Paths 1","mn":"ADBE Vector Filter - Trim","hd":false},{"ty":"st","c":{"a":0,"k":[0.999999820485,0.999999760646,0.999999820485,1],"ix":3},"o":{"a":0,"k":100,"ix":4},"w":{"a":0,"k":3,"ix":5},"lc":2,"lj":2,"nm":"Stroke 1","mn":"ADBE Vector Graphic - Stroke","hd":false},{"ty":"tr","p":{"a":0,"k":[77.095,47.683],"ix":2},"a":{"a":0,"k":[0,0],"ix":1},"s":{"a":0,"k":[100,100],"ix":3},"r":{"a":0,"k":0,"ix":6},"o":{"a":0,"k":100,"ix":7},"sk":{"a":0,"k":0,"ix":4},"sa":{"a":0,"k":0,"ix":5},"nm":"Transform"}],"nm":"Group 3","np":3,"cix":2,"ix":3,"mn":"ADBE Vector Group","hd":false},{"ty":"gr","it":[{"ind":0,"ty":"sh","ix":1,"ks":{"a":0,"k":{"i":[[0,-22.192],[22.192,0],[0,22.193],[-22.193,0]],"o":[[0,22.193],[-22.193,0],[0,-22.192],[22.192,0]],"v":[[40.184,0],[-0.001,40.183],[-40.184,0],[-0.001,-40.183]],"c":true},"ix":2},"nm":"Path 1","mn":"ADBE Vector Shape - Group","hd":false},{"ty":"tm","s":{"a":1,"k":[{"i":{"x":[0.25],"y":[1]},"o":{"x":[0.43],"y":[0]},"n":["0p25_1_0p43_0"],"t":0,"s":[100],"e":[0]},{"t":27.4725011189779}],"ix":1},"e":{"a":1,"k":[{"i":{"x":[0.25],"y":[1]},"o":{"x":[0.43],"y":[0]},"n":["0p25_1_0p43_0"],"t":0,"s":[100],"e":[100]},{"t":27.4725011189779}],"ix":2},"o":{"a":0,"k":0,"ix":3},"m":1,"ix":2,"nm":"Trim Paths 1","mn":"ADBE Vector Filter - Trim","hd":false},{"ty":"st","c":{"a":0,"k":[0.999999820485,0.999999760646,0.999999820485,1],"ix":3},"o":{"a":0,"k":100,"ix":4},"w":{"a":0,"k":3,"ix":5},"lc":2,"lj":2,"nm":"Stroke 1","mn":"ADBE Vector Graphic - Stroke","hd":false},{"ty":"tr","p":{"a":0,"k":[77.095,47.683],"ix":2},"a":{"a":0,"k":[0,0],"ix":1},"s":{"a":0,"k":[100,100],"ix":3},"r":{"a":0,"k":0,"ix":6},"o":{"a":0,"k":100,"ix":7},"sk":{"a":0,"k":0,"ix":4},"sa":{"a":0,"k":0,"ix":5},"nm":"Transform"}],"nm":"Group 4","np":3,"cix":2,"ix":4,"mn":"ADBE Vector Group","hd":false}],"ip":0,"op":318.431262969971,"st":0,"bm":0}],"markers":[]}